{"bevents_ATT_youtube": {"360p": 4.9, "240p": 0.1}, "bevents_Sprint_youtube": {"480p": 4.558333333333334, "360p": 0.425, "240p": 0.016666666666666666}, "bevents_TMobile_youtube": {"480p": 2.7, "360p": 2.3}, "bevents_Verizon_youtube": {"480p": 3.208333333333333, "360p": 1.7916666666666667}, "bevents_ATT_VPN_ATT": {"480p": 0.08333333333333333, "360p": 0.33333333333333337, "720p": 4.583333333333333}, "bevents_Sprint_VPN_Sprint": {"480p": 0.10833333333333334, "360p": 0.32499999999999996, "720p": 4.566666666666666}, "bevents_TMobile_VPN_TMobile": {"360p": 0.41666666666666663, "720p": 4.583333333333333}, "bevents_Verizon_VPN_Verizon": {"360p": 0.41666666666666663, "720p": 4.583333333333333}, "bevents_WiFi_youtube": {"480p": 0.20833333333333331, "360p": 0.25, "720p": 4.541666666666667}, "bevents_WiFi_VPN_WiFi": {"360p": 0.32499999999999996, "720p": 4.675}}